raw_tempo_rating,three_point_share_offense,two_point_share_offense,ft_point_share_offense,adjusted_offensive_efficiency_rating,three_point_share_defense,two_point_share_defense,ft_point_share_defense,adjusted_defensive_efficiency_rating,avg_to,avg_orb,avg_drb,avgYearsOfExperience,cluster
67.63101851851852,34.88230291602094,47.83243956220164,17.284651666972696,105.35578703703703,35.333712326547854,47.72771785439362,16.937733212289082,106.52916666666667,11.409562450796207,7.87996084256384,23.553777945528307,1.7747596180555556,0
70.83125,30.883440080888406,49.63102171300804,19.48467479602495,105.64510869565217,30.943520603751768,49.73408981533249,19.321960942079727,101.70461956521739,13.336537009796855,10.161341140702252,25.401056704960787,1.725266516304348,1
67.69092872570194,30.36385501104015,51.29146798346362,18.34415671276011,112.20129589632829,30.463331640040057,51.414697001464745,18.120994381682063,98.38488120950323,10.738134872003947,8.889967636221863,24.05839417942725,2.1581983995680347,2
68.12845849802372,33.49360659406938,48.841478477055006,17.664287068416858,100.88083003952569,28.59602533027889,53.407196489618165,17.996455257785133,108.64051383399209,12.077867158314028,7.732570221830722,22.494703597012354,1.6209782252964426,3
68.50311004784689,25.82498620234429,54.25901275810986,19.915746128038382,98.68373205741626,30.9265684938133,48.566769939895224,20.50621883353884,107.04856459330144,12.91336908045778,9.057948056203065,22.291707372339634,1.660973364832536,4
